{
    "BW \u2013 Build local workspace": {
        "f1-score": 0.39728353140916817,
        "precision": 0.8297872340425532,
        "recall": 0.2611607142857143,
        "support": 1344
    },
    "CF \u2013 Contribution flow": {
        "f1-score": 0.2936802973977695,
        "precision": 0.1970074812967581,
        "recall": 0.5766423357664233,
        "support": 411
    },
    "CT \u2013 Choose a task": {
        "f1-score": 0.32954545454545453,
        "precision": 0.30526315789473685,
        "recall": 0.35802469135802467,
        "support": 81
    },
    "DC \u2013 Deal with the code": {
        "f1-score": 0.4917025199754149,
        "precision": 0.8032128514056225,
        "recall": 0.354295837023915,
        "support": 1129
    },
    "No categories identified.": {
        "f1-score": 0.4042328042328043,
        "precision": 0.2720797720797721,
        "recall": 0.7860082304526749,
        "support": 243
    },
    "SC \u2013 Submit the changes": {
        "f1-score": 0.5353159851301115,
        "precision": 0.5,
        "recall": 0.576,
        "support": 125
    },
    "TC \u2013 Talk to the community": {
        "f1-score": 0.5609318996415771,
        "precision": 0.4523121387283237,
        "recall": 0.7382075471698113,
        "support": 424
    },
    "accuracy": 0.424008517434123,
    "classifier_name": "KNeighborsClassifier",
    "macro avg": {
        "f1-score": 0.4303846417617571,
        "precision": 0.4799518050639667,
        "recall": 0.5214770508652233,
        "support": 3757
    },
    "strategy": "one-vs-one",
    "weighted avg": {
        "f1-score": 0.43637348691314737,
        "precision": 0.6516245605080582,
        "recall": 0.424008517434123,
        "support": 3757
    }
}