{
    "BW \u2013 Build local workspace": {
        "f1-score": 0.6154219204655673,
        "precision": 0.48068181818181815,
        "recall": 0.855121293800539,
        "support": 1484
    },
    "CF \u2013 Contribution flow": {
        "f1-score": 0.1970260223048327,
        "precision": 0.5,
        "recall": 0.12268518518518519,
        "support": 432
    },
    "CT \u2013 Choose a task": {
        "f1-score": 0.21739130434782608,
        "precision": 0.9090909090909091,
        "recall": 0.12345679012345678,
        "support": 81
    },
    "DC \u2013 Deal with the code": {
        "f1-score": 0.6490405117270789,
        "precision": 0.6918181818181818,
        "recall": 0.6112449799196787,
        "support": 1245
    },
    "No categories identified.": {
        "f1-score": 0.25500000000000006,
        "precision": 0.4766355140186916,
        "recall": 0.17406143344709898,
        "support": 293
    },
    "SC \u2013 Submit the changes": {
        "f1-score": 0.39344262295081966,
        "precision": 0.782608695652174,
        "recall": 0.26277372262773724,
        "support": 137
    },
    "TC \u2013 Talk to the community": {
        "f1-score": 0.23202614379084965,
        "precision": 0.5182481751824818,
        "recall": 0.14947368421052631,
        "support": 475
    },
    "accuracy": 0.5428020255606463,
    "classifier_name": "KNeighborsClassifier",
    "macro avg": {
        "f1-score": 0.36562121794099633,
        "precision": 0.6227261848491795,
        "recall": 0.3284024413306032,
        "support": 4147
    },
    "strategy": "one-vs-one",
    "weighted avg": {
        "f1-score": 0.4974426240665282,
        "precision": 0.5684401490970151,
        "recall": 0.5428020255606463,
        "support": 4147
    }
}