{
    "BW \u2013 Build local workspace": {
        "f1-score": 0.7097532314923618,
        "precision": 0.6179028132992327,
        "recall": 0.8336783988957902,
        "support": 1449
    },
    "CF \u2013 Contribution flow": {
        "f1-score": 0.40986132511556234,
        "precision": 0.6045454545454545,
        "recall": 0.31002331002331,
        "support": 429
    },
    "CT \u2013 Choose a task": {
        "f1-score": 0.2727272727272727,
        "precision": 0.625,
        "recall": 0.1744186046511628,
        "support": 86
    },
    "DC \u2013 Deal with the code": {
        "f1-score": 0.7648927720413027,
        "precision": 0.766109785202864,
        "recall": 0.7636796193497224,
        "support": 1261
    },
    "No categories identified.": {
        "f1-score": 0.510204081632653,
        "precision": 0.6009615384615384,
        "recall": 0.4432624113475177,
        "support": 282
    },
    "SC \u2013 Submit the changes": {
        "f1-score": 0.543778801843318,
        "precision": 0.7108433734939759,
        "recall": 0.44029850746268656,
        "support": 134
    },
    "TC \u2013 Talk to the community": {
        "f1-score": 0.6556291390728477,
        "precision": 0.7425,
        "recall": 0.5869565217391305,
        "support": 506
    },
    "accuracy": 0.6751868820834338,
    "classifier_name": "LinearSVC",
    "macro avg": {
        "f1-score": 0.5524066605607597,
        "precision": 0.6668375664290094,
        "recall": 0.5074739104956171,
        "support": 4147
    },
    "strategy": "one-vs-one",
    "weighted avg": {
        "f1-score": 0.6608969198803738,
        "precision": 0.6787882279975275,
        "recall": 0.6751868820834338,
        "support": 4147
    }
}