{
    "BW \u2013 Build local workspace": {
        "f1-score": 0.7125625183877611,
        "precision": 0.6323759791122715,
        "recall": 0.8160377358490566,
        "support": 1484
    },
    "CF \u2013 Contribution flow": {
        "f1-score": 0.35474006116207946,
        "precision": 0.5225225225225225,
        "recall": 0.26851851851851855,
        "support": 432
    },
    "CT \u2013 Choose a task": {
        "f1-score": 0.33043478260869563,
        "precision": 0.5588235294117647,
        "recall": 0.2345679012345679,
        "support": 81
    },
    "DC \u2013 Deal with the code": {
        "f1-score": 0.7490196078431373,
        "precision": 0.7318007662835249,
        "recall": 0.7670682730923695,
        "support": 1245
    },
    "No categories identified.": {
        "f1-score": 0.5346534653465348,
        "precision": 0.6367924528301887,
        "recall": 0.46075085324232085,
        "support": 293
    },
    "SC \u2013 Submit the changes": {
        "f1-score": 0.6553191489361702,
        "precision": 0.7857142857142857,
        "recall": 0.5620437956204379,
        "support": 137
    },
    "TC \u2013 Talk to the community": {
        "f1-score": 0.6339712918660287,
        "precision": 0.7340720221606648,
        "recall": 0.5578947368421052,
        "support": 475
    },
    "accuracy": 0.6698818422956354,
    "classifier_name": "LinearSVC",
    "macro avg": {
        "f1-score": 0.5672429823072009,
        "precision": 0.6574430797193175,
        "recall": 0.523840259199911,
        "support": 4147
    },
    "strategy": "one-vs-one",
    "weighted avg": {
        "f1-score": 0.6553059236201157,
        "precision": 0.6663707738090427,
        "recall": 0.6698818422956354,
        "support": 4147
    }
}