{
    "BW \u2013 Build local workspace": {
        "f1-score": 0.6716951171099642,
        "precision": 0.72,
        "recall": 0.6294642857142857,
        "support": 1344
    },
    "CF \u2013 Contribution flow": {
        "f1-score": 0.4135240572171652,
        "precision": 0.4441340782122905,
        "recall": 0.38686131386861317,
        "support": 411
    },
    "CT \u2013 Choose a task": {
        "f1-score": 0.3695652173913044,
        "precision": 0.3300970873786408,
        "recall": 0.41975308641975306,
        "support": 81
    },
    "DC \u2013 Deal with the code": {
        "f1-score": 0.7514148889856335,
        "precision": 0.7388698630136986,
        "recall": 0.7643932683790965,
        "support": 1129
    },
    "No categories identified.": {
        "f1-score": 0.5927272727272728,
        "precision": 0.5309446254071661,
        "recall": 0.6707818930041153,
        "support": 243
    },
    "SC \u2013 Submit the changes": {
        "f1-score": 0.619047619047619,
        "precision": 0.5384615384615384,
        "recall": 0.728,
        "support": 125
    },
    "TC \u2013 Talk to the community": {
        "f1-score": 0.6415094339622641,
        "precision": 0.6058700209643606,
        "recall": 0.6816037735849056,
        "support": 424
    },
    "accuracy": 0.6507852009582114,
    "classifier_name": "LinearSVC",
    "macro avg": {
        "f1-score": 0.5799262294916032,
        "precision": 0.5583396019196707,
        "recall": 0.6115510887101099,
        "support": 3757
    },
    "strategy": "one-vs-one",
    "weighted avg": {
        "f1-score": 0.6506288253498009,
        "precision": 0.6559374955379051,
        "recall": 0.6507852009582114,
        "support": 3757
    }
}