{
    "BW \u2013 Build local workspace": {
        "f1-score": 0.6486486486486486,
        "precision": 0.7260834014717906,
        "recall": 0.5861386138613861,
        "support": 1515
    },
    "CF \u2013 Contribution flow": {
        "f1-score": 0.365296803652968,
        "precision": 0.34408602150537637,
        "recall": 0.38929440389294406,
        "support": 411
    },
    "CT \u2013 Choose a task": {
        "f1-score": 0.3091787439613527,
        "precision": 0.24615384615384617,
        "recall": 0.4155844155844156,
        "support": 77
    },
    "DC \u2013 Deal with the code": {
        "f1-score": 0.7023758099352052,
        "precision": 0.7278424350940018,
        "recall": 0.6786310517529215,
        "support": 1198
    },
    "No categories identified.": {
        "f1-score": 0.5758513931888546,
        "precision": 0.5502958579881657,
        "recall": 0.6038961038961039,
        "support": 308
    },
    "SC \u2013 Submit the changes": {
        "f1-score": 0.5992779783393503,
        "precision": 0.5971223021582733,
        "recall": 0.6014492753623188,
        "support": 138
    },
    "TC \u2013 Talk to the community": {
        "f1-score": 0.5781376518218624,
        "precision": 0.4857142857142857,
        "recall": 0.714,
        "support": 500
    },
    "accuracy": 0.6074270557029178,
    "classifier_name": "LinearSVC",
    "macro avg": {
        "f1-score": 0.5398238613640345,
        "precision": 0.5253283071551057,
        "recall": 0.5698562663357272,
        "support": 4147
    },
    "strategy": "one-vs-one",
    "weighted avg": {
        "f1-score": 0.6142329608428747,
        "precision": 0.6334931121968345,
        "recall": 0.6074270557029178,
        "support": 4147
    }
}