{
    "BW \u2013 Build local workspace": {
        "f1-score": 0.6252397391637897,
        "precision": 0.7463369963369964,
        "recall": 0.5379537953795379,
        "support": 1515
    },
    "CF \u2013 Contribution flow": {
        "f1-score": 0.39811542991755006,
        "precision": 0.3858447488584475,
        "recall": 0.41119221411192214,
        "support": 411
    },
    "CT \u2013 Choose a task": {
        "f1-score": 0.32499999999999996,
        "precision": 0.2392638036809816,
        "recall": 0.5064935064935064,
        "support": 77
    },
    "DC \u2013 Deal with the code": {
        "f1-score": 0.6831203173204055,
        "precision": 0.7236227824463118,
        "recall": 0.6469115191986644,
        "support": 1198
    },
    "No categories identified.": {
        "f1-score": 0.5869262865090403,
        "precision": 0.51338199513382,
        "recall": 0.685064935064935,
        "support": 308
    },
    "SC \u2013 Submit the changes": {
        "f1-score": 0.6054421768707482,
        "precision": 0.5705128205128205,
        "recall": 0.644927536231884,
        "support": 138
    },
    "TC \u2013 Talk to the community": {
        "f1-score": 0.560790273556231,
        "precision": 0.4522058823529412,
        "recall": 0.738,
        "support": 500
    },
    "accuracy": 0.5948878707499398,
    "classifier_name": "LogisticRegression",
    "macro avg": {
        "f1-score": 0.540662031905395,
        "precision": 0.5187384327603313,
        "recall": 0.5957919294972072,
        "support": 4147
    },
    "strategy": "one-vs-one",
    "weighted avg": {
        "f1-score": 0.6026009742247802,
        "precision": 0.6360167620916192,
        "recall": 0.5948878707499398,
        "support": 4147
    }
}