{
    "BW \u2013 Build local workspace": {
        "f1-score": 0.6735246345425013,
        "precision": 0.56289592760181,
        "recall": 0.8382749326145552,
        "support": 1484
    },
    "CF \u2013 Contribution flow": {
        "f1-score": 0.23747680890538034,
        "precision": 0.5981308411214953,
        "recall": 0.14814814814814814,
        "support": 432
    },
    "CT \u2013 Choose a task": {
        "f1-score": 0.1348314606741573,
        "precision": 0.75,
        "recall": 0.07407407407407407,
        "support": 81
    },
    "DC \u2013 Deal with the code": {
        "f1-score": 0.7269260106788711,
        "precision": 0.6920842411038489,
        "recall": 0.7654618473895582,
        "support": 1245
    },
    "No categories identified.": {
        "f1-score": 0.4395604395604395,
        "precision": 0.6172839506172839,
        "recall": 0.3412969283276451,
        "support": 293
    },
    "SC \u2013 Submit the changes": {
        "f1-score": 0.3502824858757062,
        "precision": 0.775,
        "recall": 0.22627737226277372,
        "support": 137
    },
    "TC \u2013 Talk to the community": {
        "f1-score": 0.4986072423398327,
        "precision": 0.7366255144032922,
        "recall": 0.37684210526315787,
        "support": 475
    },
    "accuracy": 0.6214130696889317,
    "classifier_name": "LogisticRegression",
    "macro avg": {
        "f1-score": 0.4373155832252698,
        "precision": 0.6760029249782472,
        "recall": 0.39576791543998746,
        "support": 4147
    },
    "strategy": "one-vs-one",
    "weighted avg": {
        "f1-score": 0.5863668001412101,
        "precision": 0.6397543469911483,
        "recall": 0.6214130696889317,
        "support": 4147
    }
}