{
    "BW \u2013 Build local workspace": {
        "f1-score": 0.5721583652618135,
        "precision": 0.8057553956834532,
        "recall": 0.44356435643564357,
        "support": 1515
    },
    "CF \u2013 Contribution flow": {
        "f1-score": 0.36622807017543857,
        "precision": 0.3333333333333333,
        "recall": 0.40632603406326034,
        "support": 411
    },
    "CT \u2013 Choose a task": {
        "f1-score": 0.23678646934460884,
        "precision": 0.1414141414141414,
        "recall": 0.7272727272727273,
        "support": 77
    },
    "DC \u2013 Deal with the code": {
        "f1-score": 0.6770048737261851,
        "precision": 0.7214353163361662,
        "recall": 0.6377295492487479,
        "support": 1198
    },
    "No categories identified.": {
        "f1-score": 0.561282932416953,
        "precision": 0.4336283185840708,
        "recall": 0.7954545454545454,
        "support": 308
    },
    "SC \u2013 Submit the changes": {
        "f1-score": 0.5612244897959183,
        "precision": 0.4330708661417323,
        "recall": 0.7971014492753623,
        "support": 138
    },
    "TC \u2013 Talk to the community": {
        "f1-score": 0.605009633911368,
        "precision": 0.5836431226765799,
        "recall": 0.628,
        "support": 500
    },
    "accuracy": 0.5613696648179407,
    "classifier_name": "MultinomialNB",
    "macro avg": {
        "f1-score": 0.5113849763760407,
        "precision": 0.49318292773849676,
        "recall": 0.633635523107184,
        "support": 4147
    },
    "strategy": "one-vs-one",
    "weighted avg": {
        "f1-score": 0.5785997098647696,
        "precision": 0.6554209513647915,
        "recall": 0.5613696648179407,
        "support": 4147
    }
}