{
    "BW \u2013 Build local workspace": {
        "f1-score": 0.41782729805013924,
        "precision": 0.8314855875831486,
        "recall": 0.27901785714285715,
        "support": 1344
    },
    "CF \u2013 Contribution flow": {
        "f1-score": 0.3302872062663185,
        "precision": 0.2256913470115968,
        "recall": 0.6155717761557178,
        "support": 411
    },
    "CT \u2013 Choose a task": {
        "f1-score": 0.33707865168539325,
        "precision": 0.30927835051546393,
        "recall": 0.37037037037037035,
        "support": 81
    },
    "DC \u2013 Deal with the code": {
        "f1-score": 0.519976838448176,
        "precision": 0.7508361204013378,
        "recall": 0.39769707705934454,
        "support": 1129
    },
    "No categories identified.": {
        "f1-score": 0.4227053140096619,
        "precision": 0.29914529914529914,
        "recall": 0.720164609053498,
        "support": 243
    },
    "SC \u2013 Submit the changes": {
        "f1-score": 0.5220588235294118,
        "precision": 0.48299319727891155,
        "recall": 0.568,
        "support": 125
    },
    "TC \u2013 Talk to the community": {
        "f1-score": 0.5414551607445008,
        "precision": 0.42216358839050133,
        "recall": 0.7547169811320755,
        "support": 424
    },
    "accuracy": 0.44530210274154913,
    "classifier_name": "KNeighborsClassifier",
    "macro avg": {
        "f1-score": 0.4416270418190859,
        "precision": 0.47451335576089415,
        "recall": 0.5293626672734091,
        "support": 3757
    },
    "strategy": "one-vs-rest",
    "weighted avg": {
        "f1-score": 0.45494194414440897,
        "precision": 0.6374993661134217,
        "recall": 0.44530210274154913,
        "support": 3757
    }
}