{
    "BW \u2013 Build local workspace": {
        "f1-score": 0.6830249396621079,
        "precision": 0.7434325744308231,
        "recall": 0.6316964285714286,
        "support": 1344
    },
    "CF \u2013 Contribution flow": {
        "f1-score": 0.4020356234096692,
        "precision": 0.42133333333333334,
        "recall": 0.3844282238442822,
        "support": 411
    },
    "CT \u2013 Choose a task": {
        "f1-score": 0.3936170212765957,
        "precision": 0.34579439252336447,
        "recall": 0.4567901234567901,
        "support": 81
    },
    "DC \u2013 Deal with the code": {
        "f1-score": 0.7352297592997812,
        "precision": 0.726643598615917,
        "recall": 0.7440212577502214,
        "support": 1129
    },
    "No categories identified.": {
        "f1-score": 0.5896980461811723,
        "precision": 0.51875,
        "recall": 0.6831275720164609,
        "support": 243
    },
    "SC \u2013 Submit the changes": {
        "f1-score": 0.6169491525423728,
        "precision": 0.5352941176470588,
        "recall": 0.728,
        "support": 125
    },
    "TC \u2013 Talk to the community": {
        "f1-score": 0.6564215148188803,
        "precision": 0.6139630390143738,
        "recall": 0.7051886792452831,
        "support": 424
    },
    "accuracy": 0.6494543518764972,
    "classifier_name": "LinearSVC",
    "macro avg": {
        "f1-score": 0.5824251510272257,
        "precision": 0.5578872936521243,
        "recall": 0.6190360406977808,
        "support": 3757
    },
    "strategy": "one-vs-rest",
    "weighted avg": {
        "f1-score": 0.6504970797639421,
        "precision": 0.65850936702549,
        "recall": 0.6494543518764972,
        "support": 3757
    }
}