{
    "BW \u2013 Build local workspace": {
        "f1-score": 0.7188070602556299,
        "precision": 0.6428960261295591,
        "recall": 0.8150448585231194,
        "support": 1449
    },
    "CF \u2013 Contribution flow": {
        "f1-score": 0.3938931297709923,
        "precision": 0.5707964601769911,
        "recall": 0.3006993006993007,
        "support": 429
    },
    "CT \u2013 Choose a task": {
        "f1-score": 0.26315789473684215,
        "precision": 0.5357142857142857,
        "recall": 0.1744186046511628,
        "support": 86
    },
    "DC \u2013 Deal with the code": {
        "f1-score": 0.7603758809710257,
        "precision": 0.7509667440061871,
        "recall": 0.7700237906423474,
        "support": 1261
    },
    "No categories identified.": {
        "f1-score": 0.5714285714285714,
        "precision": 0.6375545851528385,
        "recall": 0.5177304964539007,
        "support": 282
    },
    "SC \u2013 Submit the changes": {
        "f1-score": 0.5726495726495727,
        "precision": 0.67,
        "recall": 0.5,
        "support": 134
    },
    "TC \u2013 Talk to the community": {
        "f1-score": 0.6829787234042553,
        "precision": 0.7396313364055299,
        "recall": 0.6343873517786561,
        "support": 506
    },
    "accuracy": 0.6824210272486134,
    "classifier_name": "LinearSVC",
    "macro avg": {
        "f1-score": 0.5661844047452699,
        "precision": 0.6496513482264845,
        "recall": 0.530329200392641,
        "support": 4147
    },
    "strategy": "one-vs-rest",
    "weighted avg": {
        "f1-score": 0.669269901556414,
        "precision": 0.6783921787497443,
        "recall": 0.6824210272486134,
        "support": 4147
    }
}