{
    "BW \u2013 Build local workspace": {
        "f1-score": 0.6103773584905662,
        "precision": 0.8337628865979382,
        "recall": 0.48139880952380953,
        "support": 1344
    },
    "CF \u2013 Contribution flow": {
        "f1-score": 0.4059775840597758,
        "precision": 0.41581632653061223,
        "recall": 0.39659367396593675,
        "support": 411
    },
    "CT \u2013 Choose a task": {
        "f1-score": 0.3118811881188119,
        "precision": 0.19504643962848298,
        "recall": 0.7777777777777778,
        "support": 81
    },
    "DC \u2013 Deal with the code": {
        "f1-score": 0.7135678391959799,
        "precision": 0.7367924528301887,
        "recall": 0.691762621789194,
        "support": 1129
    },
    "No categories identified.": {
        "f1-score": 0.5637393767705382,
        "precision": 0.4298056155507559,
        "recall": 0.8189300411522634,
        "support": 243
    },
    "SC \u2013 Submit the changes": {
        "f1-score": 0.5121951219512195,
        "precision": 0.3684210526315789,
        "recall": 0.84,
        "support": 125
    },
    "TC \u2013 Talk to the community": {
        "f1-score": 0.6780045351473923,
        "precision": 0.6528384279475983,
        "recall": 0.7051886792452831,
        "support": 424
    },
    "accuracy": 0.60074527548576,
    "classifier_name": "MultinomialNB",
    "macro avg": {
        "f1-score": 0.5422490005334691,
        "precision": 0.5189261716738793,
        "recall": 0.673093086207752,
        "support": 3757
    },
    "strategy": "one-vs-rest",
    "weighted avg": {
        "f1-score": 0.6139396873173839,
        "precision": 0.6831019856945605,
        "recall": 0.60074527548576,
        "support": 3757
    }
}