{
    "BW \u2013 Build local workspace": {
        "f1-score": 0.10810810810810811,
        "precision": 0.4,
        "recall": 0.0625,
        "support": 32
    },
    "CF \u2013 Contribution flow": {
        "f1-score": 0.09032258064516129,
        "precision": 0.4375,
        "recall": 0.050359712230215826,
        "support": 139
    },
    "CT \u2013 Choose a task": {
        "f1-score": 0.0,
        "precision": 0.0,
        "recall": 0.0,
        "support": 25
    },
    "DC \u2013 Deal with the code": {
        "f1-score": 0.24444444444444444,
        "precision": 0.7333333333333333,
        "recall": 0.14666666666666667,
        "support": 75
    },
    "SC \u2013 Submit the changes": {
        "f1-score": 0.6309523809523809,
        "precision": 0.7310344827586207,
        "recall": 0.5549738219895288,
        "support": 382
    },
    "TC \u2013 Talk to the community": {
        "f1-score": 0.07407407407407407,
        "precision": 1.0,
        "recall": 0.038461538461538464,
        "support": 26
    },
    "classifier_name": "KNeighborsClassifier",
    "macro avg": {
        "f1-score": 0.19131693137069483,
        "precision": 0.5503113026819924,
        "recall": 0.14216028989132498,
        "support": 679
    },
    "micro avg": {
        "f1-score": 0.463220675944334,
        "precision": 0.7125382262996942,
        "recall": 0.3431516936671576,
        "support": 679
    },
    "samples avg": {
        "f1-score": 0.24526315789473685,
        "precision": 0.24526315789473685,
        "recall": 0.24526315789473685,
        "support": 679
    },
    "strategy": "one-vs-the-rest",
    "weighted avg": {
        "f1-score": 0.4083908202536166,
        "precision": 0.6389803717434361,
        "recall": 0.3431516936671576,
        "support": 679
    }
}