{
    "BW \u2013 Build local workspace": {
        "f1-score": 0.14545454545454545,
        "precision": 0.5,
        "recall": 0.0851063829787234,
        "support": 141
    },
    "CF \u2013 Contribution flow": {
        "f1-score": 0.23557692307692307,
        "precision": 0.5568181818181818,
        "recall": 0.14939024390243902,
        "support": 328
    },
    "CT \u2013 Choose a task": {
        "f1-score": 0.15384615384615388,
        "precision": 0.7142857142857143,
        "recall": 0.08620689655172414,
        "support": 58
    },
    "DC \u2013 Deal with the code": {
        "f1-score": 0.1931818181818182,
        "precision": 0.5964912280701754,
        "recall": 0.1152542372881356,
        "support": 295
    },
    "SC \u2013 Submit the changes": {
        "f1-score": 0.5447647951441578,
        "precision": 0.7208835341365462,
        "recall": 0.4378048780487805,
        "support": 820
    },
    "TC \u2013 Talk to the community": {
        "f1-score": 0.23529411764705882,
        "precision": 0.6086956521739131,
        "recall": 0.14583333333333334,
        "support": 96
    },
    "classifier_name": "KNeighborsClassifier",
    "macro avg": {
        "f1-score": 0.2513530588917762,
        "precision": 0.6161957184140885,
        "recall": 0.16993266201718935,
        "support": 1738
    },
    "micro avg": {
        "f1-score": 0.3885010266940452,
        "precision": 0.6786226685796269,
        "recall": 0.2721518987341772,
        "support": 1738
    },
    "samples avg": {
        "f1-score": 0.17667934093789606,
        "precision": 0.17661596958174905,
        "recall": 0.17756653992395438,
        "support": 1738
    },
    "strategy": "one-vs-the-rest",
    "weighted avg": {
        "f1-score": 0.3642033384794948,
        "precision": 0.6444701541693327,
        "recall": 0.2721518987341772,
        "support": 1738
    }
}