{
    "BW \u2013 Build local workspace": {
        "f1-score": 0.5802047781569966,
        "precision": 0.7522123893805309,
        "recall": 0.4722222222222222,
        "support": 180
    },
    "CF \u2013 Contribution flow": {
        "f1-score": 0.34541577825159914,
        "precision": 0.54,
        "recall": 0.25391849529780564,
        "support": 319
    },
    "CT \u2013 Choose a task": {
        "f1-score": 0.3478260869565218,
        "precision": 0.8,
        "recall": 0.2222222222222222,
        "support": 54
    },
    "DC \u2013 Deal with the code": {
        "f1-score": 0.7509293680297398,
        "precision": 0.8451882845188284,
        "recall": 0.6755852842809364,
        "support": 299
    },
    "SC \u2013 Submit the changes": {
        "f1-score": 0.7543520309477757,
        "precision": 0.78,
        "recall": 0.7303370786516854,
        "support": 801
    },
    "TC \u2013 Talk to the community": {
        "f1-score": 0.562962962962963,
        "precision": 0.7450980392156863,
        "recall": 0.4523809523809524,
        "support": 84
    },
    "classifier_name": "LinearSVC",
    "macro avg": {
        "f1-score": 0.556948500884266,
        "precision": 0.7437497855191743,
        "recall": 0.4677777091759707,
        "support": 1737
    },
    "micro avg": {
        "f1-score": 0.6566284779050737,
        "precision": 0.7610015174506829,
        "recall": 0.5774323546344272,
        "support": 1737
    },
    "samples avg": {
        "f1-score": 0.3759188846641318,
        "precision": 0.37623574144486693,
        "recall": 0.37775665399239544,
        "support": 1737
    },
    "strategy": "one-vs-the-rest",
    "weighted avg": {
        "f1-score": 0.6387218472913766,
        "precision": 0.7431996329612797,
        "recall": 0.5774323546344272,
        "support": 1737
    }
}