{
    "BW \u2013 Build local workspace": {
        "f1-score": 0.41935483870967744,
        "precision": 0.43333333333333335,
        "recall": 0.40625,
        "support": 32
    },
    "CF \u2013 Contribution flow": {
        "f1-score": 0.37383177570093457,
        "precision": 0.5333333333333333,
        "recall": 0.28776978417266186,
        "support": 139
    },
    "CT \u2013 Choose a task": {
        "f1-score": 0.25806451612903225,
        "precision": 0.6666666666666666,
        "recall": 0.16,
        "support": 25
    },
    "DC \u2013 Deal with the code": {
        "f1-score": 0.6212121212121212,
        "precision": 0.7192982456140351,
        "recall": 0.5466666666666666,
        "support": 75
    },
    "SC \u2013 Submit the changes": {
        "f1-score": 0.7983870967741934,
        "precision": 0.8204419889502762,
        "recall": 0.7774869109947644,
        "support": 382
    },
    "TC \u2013 Talk to the community": {
        "f1-score": 0.5333333333333333,
        "precision": 0.631578947368421,
        "recall": 0.46153846153846156,
        "support": 26
    },
    "classifier_name": "LinearSVC",
    "macro avg": {
        "f1-score": 0.500697280309882,
        "precision": 0.6341087525443442,
        "recall": 0.4399519705620924,
        "support": 679
    },
    "micro avg": {
        "f1-score": 0.6628664495114006,
        "precision": 0.7413479052823315,
        "recall": 0.5994108983799705,
        "support": 679
    },
    "samples avg": {
        "f1-score": 0.42526315789473684,
        "precision": 0.4236842105263158,
        "recall": 0.4284210526315789,
        "support": 679
    },
    "strategy": "one-vs-the-rest",
    "weighted avg": {
        "f1-score": 0.6439985733279574,
        "precision": 0.7193577724570012,
        "recall": 0.5994108983799705,
        "support": 679
    }
}