{
    "BW \u2013 Build local workspace": {
        "f1-score": 0.5891472868217055,
        "precision": 0.6495726495726496,
        "recall": 0.5390070921985816,
        "support": 141
    },
    "CF \u2013 Contribution flow": {
        "f1-score": 0.3780487804878048,
        "precision": 0.5670731707317073,
        "recall": 0.28353658536585363,
        "support": 328
    },
    "CT \u2013 Choose a task": {
        "f1-score": 0.4,
        "precision": 0.6296296296296297,
        "recall": 0.29310344827586204,
        "support": 58
    },
    "DC \u2013 Deal with the code": {
        "f1-score": 0.6341463414634146,
        "precision": 0.7918781725888325,
        "recall": 0.5288135593220339,
        "support": 295
    },
    "SC \u2013 Submit the changes": {
        "f1-score": 0.7490589711417817,
        "precision": 0.7713178294573644,
        "recall": 0.7280487804878049,
        "support": 820
    },
    "TC \u2013 Talk to the community": {
        "f1-score": 0.5000000000000001,
        "precision": 0.65,
        "recall": 0.40625,
        "support": 96
    },
    "classifier_name": "LinearSVC",
    "macro avg": {
        "f1-score": 0.5417335633191178,
        "precision": 0.6765785753300305,
        "recall": 0.463126577608356,
        "support": 1738
    },
    "micro avg": {
        "f1-score": 0.6356841078973026,
        "precision": 0.7303958177744585,
        "recall": 0.5627157652474108,
        "support": 1738
    },
    "samples avg": {
        "f1-score": 0.3659062103929024,
        "precision": 0.36615969581749047,
        "recall": 0.3678707224334601,
        "support": 1738
    },
    "strategy": "one-vs-the-rest",
    "weighted avg": {
        "f1-score": 0.6211572465534112,
        "precision": 0.714955663508059,
        "recall": 0.5627157652474108,
        "support": 1738
    }
}