{
    "BW \u2013 Build local workspace": {
        "f1-score": 0.5588235294117648,
        "precision": 0.5277777777777778,
        "recall": 0.59375,
        "support": 32
    },
    "CF \u2013 Contribution flow": {
        "f1-score": 0.4066390041493776,
        "precision": 0.4803921568627451,
        "recall": 0.35251798561151076,
        "support": 139
    },
    "CT \u2013 Choose a task": {
        "f1-score": 0.25806451612903225,
        "precision": 0.6666666666666666,
        "recall": 0.16,
        "support": 25
    },
    "DC \u2013 Deal with the code": {
        "f1-score": 0.6713286713286714,
        "precision": 0.7058823529411765,
        "recall": 0.64,
        "support": 75
    },
    "SC \u2013 Submit the changes": {
        "f1-score": 0.803788903924222,
        "precision": 0.8319327731092437,
        "recall": 0.7774869109947644,
        "support": 382
    },
    "TC \u2013 Talk to the community": {
        "f1-score": 0.5333333333333333,
        "precision": 0.631578947368421,
        "recall": 0.46153846153846156,
        "support": 26
    },
    "classifier_name": "MLPClassifier",
    "macro avg": {
        "f1-score": 0.5386629930460669,
        "precision": 0.6407051124543385,
        "recall": 0.49754889302412275,
        "support": 679
    },
    "micro avg": {
        "f1-score": 0.6771902131018153,
        "precision": 0.7295918367346939,
        "recall": 0.6318114874815906,
        "support": 679
    },
    "samples avg": {
        "f1-score": 0.4463157894736842,
        "precision": 0.44438596491228066,
        "recall": 0.45105263157894737,
        "support": 679
    },
    "strategy": "one-vs-the-rest",
    "weighted avg": {
        "f1-score": 0.6658622470346621,
        "precision": 0.7179537758311861,
        "recall": 0.6318114874815906,
        "support": 679
    }
}