{
    "BW \u2013 Build local workspace": {
        "f1-score": 0.0,
        "precision": 0.0,
        "recall": 0.0,
        "support": 32
    },
    "CF \u2013 Contribution flow": {
        "f1-score": 0.0,
        "precision": 0.0,
        "recall": 0.0,
        "support": 139
    },
    "CT \u2013 Choose a task": {
        "f1-score": 0.0,
        "precision": 0.0,
        "recall": 0.0,
        "support": 25
    },
    "DC \u2013 Deal with the code": {
        "f1-score": 0.17073170731707318,
        "precision": 1.0,
        "recall": 0.09333333333333334,
        "support": 75
    },
    "SC \u2013 Submit the changes": {
        "f1-score": 0.7485207100591716,
        "precision": 0.8605442176870748,
        "recall": 0.662303664921466,
        "support": 382
    },
    "TC \u2013 Talk to the community": {
        "f1-score": 0.0,
        "precision": 0.0,
        "recall": 0.0,
        "support": 26
    },
    "classifier_name": "MultinomialNB",
    "macro avg": {
        "f1-score": 0.15320873622937414,
        "precision": 0.3100907029478458,
        "recall": 0.12593949970913323,
        "support": 679
    },
    "micro avg": {
        "f1-score": 0.5306122448979591,
        "precision": 0.8637873754152824,
        "recall": 0.38291605301914583,
        "support": 679
    },
    "samples avg": {
        "f1-score": 0.2736842105263158,
        "precision": 0.2736842105263158,
        "recall": 0.2736842105263158,
        "support": 679
    },
    "strategy": "one-vs-the-rest",
    "weighted avg": {
        "f1-score": 0.439970234597031,
        "precision": 0.594591886828369,
        "recall": 0.38291605301914583,
        "support": 679
    }
}