{
    "BW \u2013 Build local workspace": {
        "f1-score": 0.3455497382198953,
        "precision": 0.66,
        "recall": 0.23404255319148937,
        "support": 141
    },
    "CF \u2013 Contribution flow": {
        "f1-score": 0.31081081081081086,
        "precision": 0.5948275862068966,
        "recall": 0.21036585365853658,
        "support": 328
    },
    "CT \u2013 Choose a task": {
        "f1-score": 0.21917808219178084,
        "precision": 0.5333333333333333,
        "recall": 0.13793103448275862,
        "support": 58
    },
    "DC \u2013 Deal with the code": {
        "f1-score": 0.5406593406593405,
        "precision": 0.76875,
        "recall": 0.41694915254237286,
        "support": 295
    },
    "SC \u2013 Submit the changes": {
        "f1-score": 0.7313337587747288,
        "precision": 0.7670682730923695,
        "recall": 0.698780487804878,
        "support": 820
    },
    "TC \u2013 Talk to the community": {
        "f1-score": 0.3225806451612903,
        "precision": 0.7142857142857143,
        "recall": 0.20833333333333334,
        "support": 96
    },
    "classifier_name": "RandomForestClassifier",
    "macro avg": {
        "f1-score": 0.4116853959696411,
        "precision": 0.6730441511530523,
        "recall": 0.31773373583556147,
        "support": 1738
    },
    "micro avg": {
        "f1-score": 0.5788367203924317,
        "precision": 0.7401433691756273,
        "recall": 0.475258918296893,
        "support": 1738
    },
    "samples avg": {
        "f1-score": 0.3091254752851711,
        "precision": 0.30950570342205325,
        "recall": 0.3102661596958175,
        "support": 1738
    },
    "strategy": "one-vs-the-rest",
    "weighted avg": {
        "f1-score": 0.5486402286693565,
        "precision": 0.7154461703776566,
        "recall": 0.475258918296893,
        "support": 1738
    }
}