{
    "BW \u2013 Build local workspace": {
        "f1-score": 0.3008849557522124,
        "precision": 0.7391304347826086,
        "recall": 0.18888888888888888,
        "support": 180
    },
    "CF \u2013 Contribution flow": {
        "f1-score": 0.27951807228915665,
        "precision": 0.6041666666666666,
        "recall": 0.18181818181818182,
        "support": 319
    },
    "CT \u2013 Choose a task": {
        "f1-score": 0.25,
        "precision": 0.8,
        "recall": 0.14814814814814814,
        "support": 54
    },
    "DC \u2013 Deal with the code": {
        "f1-score": 0.6335403726708074,
        "precision": 0.8315217391304348,
        "recall": 0.5117056856187291,
        "support": 299
    },
    "SC \u2013 Submit the changes": {
        "f1-score": 0.729851708575113,
        "precision": 0.7546666666666667,
        "recall": 0.7066167290886392,
        "support": 801
    },
    "TC \u2013 Talk to the community": {
        "f1-score": 0.4426229508196722,
        "precision": 0.7105263157894737,
        "recall": 0.32142857142857145,
        "support": 84
    },
    "classifier_name": "RandomForestClassifier",
    "macro avg": {
        "f1-score": 0.43940301001782694,
        "precision": 0.740001970505975,
        "recall": 0.34310103416519305,
        "support": 1737
    },
    "micro avg": {
        "f1-score": 0.5914016078294303,
        "precision": 0.7526690391459074,
        "recall": 0.48704663212435234,
        "support": 1737
    },
    "samples avg": {
        "f1-score": 0.31723700887198986,
        "precision": 0.317680608365019,
        "recall": 0.31844106463878324,
        "support": 1737
    },
    "strategy": "one-vs-the-rest",
    "weighted avg": {
        "f1-score": 0.5573089665870631,
        "precision": 0.7379216208715325,
        "recall": 0.48704663212435234,
        "support": 1737
    }
}