{
    "BW \u2013 Build local workspace": {
        "f1-score": 0.4999999999999999,
        "precision": 0.4722222222222222,
        "recall": 0.53125,
        "support": 32
    },
    "CF \u2013 Contribution flow": {
        "f1-score": 0.3948497854077253,
        "precision": 0.48936170212765956,
        "recall": 0.33093525179856115,
        "support": 139
    },
    "CT \u2013 Choose a task": {
        "f1-score": 0.23529411764705882,
        "precision": 0.4444444444444444,
        "recall": 0.16,
        "support": 25
    },
    "DC \u2013 Deal with the code": {
        "f1-score": 0.6901408450704225,
        "precision": 0.7313432835820896,
        "recall": 0.6533333333333333,
        "support": 75
    },
    "SC \u2013 Submit the changes": {
        "f1-score": 0.8069705093833781,
        "precision": 0.8269230769230769,
        "recall": 0.7879581151832461,
        "support": 382
    },
    "TC \u2013 Talk to the community": {
        "f1-score": 0.5957446808510638,
        "precision": 0.6666666666666666,
        "recall": 0.5384615384615384,
        "support": 26
    },
    "classifier_name": "SGDClassifier",
    "macro avg": {
        "f1-score": 0.5371666563932748,
        "precision": 0.6051602326610266,
        "recall": 0.5003230397961131,
        "support": 679
    },
    "micro avg": {
        "f1-score": 0.678740157480315,
        "precision": 0.7292724196277496,
        "recall": 0.6347569955817378,
        "support": 679
    },
    "samples avg": {
        "f1-score": 0.44842105263157894,
        "precision": 0.4463157894736842,
        "recall": 0.4531578947368421,
        "support": 679
    },
    "strategy": "one-vs-the-rest",
    "weighted avg": {
        "f1-score": 0.6660959245651105,
        "precision": 0.7103272368255852,
        "recall": 0.6347569955817378,
        "support": 679
    }
}