{
    "BW \u2013 Build local workspace": {
        "f1-score": 0.5150214592274679,
        "precision": 0.6521739130434783,
        "recall": 0.425531914893617,
        "support": 141
    },
    "CF \u2013 Contribution flow": {
        "f1-score": 0.26570048309178745,
        "precision": 0.6395348837209303,
        "recall": 0.1676829268292683,
        "support": 328
    },
    "CT \u2013 Choose a task": {
        "f1-score": 0.32,
        "precision": 0.7058823529411765,
        "recall": 0.20689655172413793,
        "support": 58
    },
    "DC \u2013 Deal with the code": {
        "f1-score": 0.6121593291404612,
        "precision": 0.8021978021978022,
        "recall": 0.49491525423728816,
        "support": 295
    },
    "SC \u2013 Submit the changes": {
        "f1-score": 0.7506329113924051,
        "precision": 0.7802631578947369,
        "recall": 0.723170731707317,
        "support": 820
    },
    "TC \u2013 Talk to the community": {
        "f1-score": 0.4594594594594595,
        "precision": 0.6538461538461539,
        "recall": 0.3541666666666667,
        "support": 96
    },
    "classifier_name": "SGDClassifier",
    "macro avg": {
        "f1-score": 0.4871622737185968,
        "precision": 0.7056497106073797,
        "recall": 0.3953940076763825,
        "support": 1738
    },
    "micro avg": {
        "f1-score": 0.6149641270925863,
        "precision": 0.7569386038687973,
        "recall": 0.5178365937859609,
        "support": 1738
    },
    "samples avg": {
        "f1-score": 0.33865652724968315,
        "precision": 0.3397338403041825,
        "recall": 0.33878326996197716,
        "support": 1738
    },
    "strategy": "one-vs-the-rest",
    "weighted avg": {
        "f1-score": 0.5860425096383749,
        "precision": 0.7375710655704547,
        "recall": 0.5178365937859609,
        "support": 1738
    }
}