{
    "BW \u2013 Build local workspace": {
        "f1-score": 0.5839090706485401,
        "precision": 0.43695797198132086,
        "recall": 0.8797850906648758,
        "support": 1489
    },
    "CF \u2013 Contribution flow": {
        "f1-score": 0.0,
        "precision": 0.0,
        "recall": 0.0,
        "support": 418
    },
    "CT \u2013 Choose a task": {
        "f1-score": 0.0,
        "precision": 0.0,
        "recall": 0.0,
        "support": 95
    },
    "DC \u2013 Deal with the code": {
        "f1-score": 0.5617173524150268,
        "precision": 0.6162904808635917,
        "recall": 0.5160230073952342,
        "support": 1217
    },
    "No categories identified.": {
        "f1-score": 0.2361111111111111,
        "precision": 0.3923076923076923,
        "recall": 0.16887417218543047,
        "support": 302
    },
    "SC \u2013 Submit the changes": {
        "f1-score": 0.0,
        "precision": 0.0,
        "recall": 0.0,
        "support": 131
    },
    "TC \u2013 Talk to the community": {
        "f1-score": 0.0,
        "precision": 0.0,
        "recall": 0.0,
        "support": 495
    },
    "accuracy": 0.47962382445141066,
    "classifier_name": "LinearSVC",
    "macro avg": {
        "f1-score": 0.1973910763106683,
        "precision": 0.2065080207360864,
        "recall": 0.2235260386065058,
        "support": 4147
    },
    "strategy": "one-vs-rest",
    "weighted avg": {
        "f1-score": 0.3916942801158234,
        "precision": 0.36632092080253215,
        "recall": 0.47962382445141066,
        "support": 4147
    }
}