{
    "BW \u2013 Build local workspace": {
        "f1-score": 0.2,
        "precision": 0.5,
        "recall": 0.125,
        "support": 32
    },
    "CF \u2013 Contribution flow": {
        "f1-score": 0.16666666666666669,
        "precision": 0.4827586206896552,
        "recall": 0.10071942446043165,
        "support": 139
    },
    "CT \u2013 Choose a task": {
        "f1-score": 0.0,
        "precision": 0.0,
        "recall": 0.0,
        "support": 25
    },
    "DC \u2013 Deal with the code": {
        "f1-score": 0.24175824175824173,
        "precision": 0.6875,
        "recall": 0.14666666666666667,
        "support": 75
    },
    "SC \u2013 Submit the changes": {
        "f1-score": 0.6408045977011494,
        "precision": 0.7101910828025477,
        "recall": 0.5837696335078534,
        "support": 382
    },
    "TC \u2013 Talk to the community": {
        "f1-score": 0.27027027027027023,
        "precision": 0.45454545454545453,
        "recall": 0.19230769230769232,
        "support": 26
    },
    "classifier_name": "KNeighborsClassifier",
    "macro avg": {
        "f1-score": 0.2532499627327213,
        "precision": 0.4724991930062763,
        "recall": 0.19141056949044066,
        "support": 679
    },
    "micro avg": {
        "f1-score": 0.4858223062381851,
        "precision": 0.6781002638522428,
        "recall": 0.3784977908689249,
        "support": 679
    },
    "samples avg": {
        "f1-score": 0.27052631578947367,
        "precision": 0.27052631578947367,
        "recall": 0.27052631578947367,
        "support": 679
    },
    "strategy": "label-powerset",
    "weighted avg": {
        "f1-score": 0.4411088632509586,
        "precision": 0.6152829509935451,
        "recall": 0.3784977908689249,
        "support": 679
    }
}