{
    "BW \u2013 Build local workspace": {
        "f1-score": 0.4857142857142857,
        "precision": 0.4473684210526316,
        "recall": 0.53125,
        "support": 32
    },
    "CF \u2013 Contribution flow": {
        "f1-score": 0.41004184100418406,
        "precision": 0.49,
        "recall": 0.35251798561151076,
        "support": 139
    },
    "CT \u2013 Choose a task": {
        "f1-score": 0.28571428571428575,
        "precision": 0.5,
        "recall": 0.2,
        "support": 25
    },
    "DC \u2013 Deal with the code": {
        "f1-score": 0.6883116883116883,
        "precision": 0.6708860759493671,
        "recall": 0.7066666666666667,
        "support": 75
    },
    "SC \u2013 Submit the changes": {
        "f1-score": 0.7938540332906528,
        "precision": 0.7769423558897243,
        "recall": 0.8115183246073299,
        "support": 382
    },
    "TC \u2013 Talk to the community": {
        "f1-score": 0.6249999999999999,
        "precision": 0.6818181818181818,
        "recall": 0.5769230769230769,
        "support": 26
    },
    "classifier_name": "LinearSVC",
    "macro avg": {
        "f1-score": 0.5481060223391828,
        "precision": 0.5945025057849841,
        "recall": 0.529812675634764,
        "support": 679
    },
    "micro avg": {
        "f1-score": 0.6767143933685004,
        "precision": 0.6929012345679012,
        "recall": 0.6612665684830633,
        "support": 679
    },
    "samples avg": {
        "f1-score": 0.4722807017543859,
        "precision": 0.4726315789473684,
        "recall": 0.47210526315789475,
        "support": 679
    },
    "strategy": "label-powerset",
    "weighted avg": {
        "f1-score": 0.6639280523206214,
        "precision": 0.6771156080221415,
        "recall": 0.6612665684830633,
        "support": 679
    }
}