{
    "BW \u2013 Build local workspace": {
        "f1-score": 0.6467065868263472,
        "precision": 0.7012987012987013,
        "recall": 0.6,
        "support": 180
    },
    "CF \u2013 Contribution flow": {
        "f1-score": 0.3834586466165414,
        "precision": 0.4788732394366197,
        "recall": 0.31974921630094044,
        "support": 319
    },
    "CT \u2013 Choose a task": {
        "f1-score": 0.36363636363636365,
        "precision": 0.6086956521739131,
        "recall": 0.25925925925925924,
        "support": 54
    },
    "DC \u2013 Deal with the code": {
        "f1-score": 0.7516556291390728,
        "precision": 0.7442622950819672,
        "recall": 0.7591973244147158,
        "support": 299
    },
    "SC \u2013 Submit the changes": {
        "f1-score": 0.7517899761336516,
        "precision": 0.72,
        "recall": 0.7865168539325843,
        "support": 801
    },
    "TC \u2013 Talk to the community": {
        "f1-score": 0.6308724832214766,
        "precision": 0.7230769230769231,
        "recall": 0.5595238095238095,
        "support": 84
    },
    "classifier_name": "LinearSVC",
    "macro avg": {
        "f1-score": 0.5880199475955755,
        "precision": 0.6627011351780207,
        "recall": 0.5473744105718849,
        "support": 1737
    },
    "micro avg": {
        "f1-score": 0.6690391459074734,
        "precision": 0.689908256880734,
        "recall": 0.6493955094991365,
        "support": 1737
    },
    "samples avg": {
        "f1-score": 0.4261089987325728,
        "precision": 0.4279467680608365,
        "recall": 0.4252851711026616,
        "support": 1737
    },
    "strategy": "label-powerset",
    "weighted avg": {
        "f1-score": 0.6553189119873487,
        "precision": 0.6746440890036898,
        "recall": 0.6493955094991365,
        "support": 1737
    }
}