{
    "BW \u2013 Build local workspace": {
        "f1-score": 0.23529411764705882,
        "precision": 0.3157894736842105,
        "recall": 0.1875,
        "support": 32
    },
    "CF \u2013 Contribution flow": {
        "f1-score": 0.2765957446808511,
        "precision": 0.5306122448979592,
        "recall": 0.18705035971223022,
        "support": 139
    },
    "CT \u2013 Choose a task": {
        "f1-score": 0.0,
        "precision": 0.0,
        "recall": 0.0,
        "support": 25
    },
    "DC \u2013 Deal with the code": {
        "f1-score": 0.5538461538461539,
        "precision": 0.6545454545454545,
        "recall": 0.48,
        "support": 75
    },
    "SC \u2013 Submit the changes": {
        "f1-score": 0.7804295942720763,
        "precision": 0.7171052631578947,
        "recall": 0.856020942408377,
        "support": 382
    },
    "TC \u2013 Talk to the community": {
        "f1-score": 0.3125,
        "precision": 0.8333333333333334,
        "recall": 0.19230769230769232,
        "support": 26
    },
    "classifier_name": "LogisticRegression",
    "macro avg": {
        "f1-score": 0.3597776017410233,
        "precision": 0.5085642949364754,
        "recall": 0.31714649907138326,
        "support": 679
    },
    "micro avg": {
        "f1-score": 0.6329113924050633,
        "precision": 0.6837606837606838,
        "recall": 0.5891016200294551,
        "support": 679
    },
    "samples avg": {
        "f1-score": 0.42105263157894735,
        "precision": 0.42105263157894735,
        "recall": 0.42105263157894735,
        "support": 679
    },
    "strategy": "label-powerset",
    "weighted avg": {
        "f1-score": 0.5799172118199394,
        "precision": 0.631151916763774,
        "recall": 0.5891016200294551,
        "support": 679
    }
}