{
    "BW \u2013 Build local workspace": {
        "f1-score": 0.5599999999999999,
        "precision": 0.4883720930232558,
        "recall": 0.65625,
        "support": 32
    },
    "CF \u2013 Contribution flow": {
        "f1-score": 0.43678160919540227,
        "precision": 0.4672131147540984,
        "recall": 0.41007194244604317,
        "support": 139
    },
    "CT \u2013 Choose a task": {
        "f1-score": 0.25,
        "precision": 0.5714285714285714,
        "recall": 0.16,
        "support": 25
    },
    "DC \u2013 Deal with the code": {
        "f1-score": 0.6802721088435373,
        "precision": 0.6944444444444444,
        "recall": 0.6666666666666666,
        "support": 75
    },
    "SC \u2013 Submit the changes": {
        "f1-score": 0.8068331143232589,
        "precision": 0.8100263852242744,
        "recall": 0.8036649214659686,
        "support": 382
    },
    "TC \u2013 Talk to the community": {
        "f1-score": 0.5531914893617021,
        "precision": 0.6190476190476191,
        "recall": 0.5,
        "support": 26
    },
    "classifier_name": "MLPClassifier",
    "macro avg": {
        "f1-score": 0.5478463869539835,
        "precision": 0.6084220379870439,
        "recall": 0.5327755884297797,
        "support": 679
    },
    "micro avg": {
        "f1-score": 0.6832955404383976,
        "precision": 0.7018633540372671,
        "recall": 0.6656848306332842,
        "support": 679
    },
    "samples avg": {
        "f1-score": 0.4754385964912281,
        "precision": 0.47578947368421054,
        "recall": 0.47526315789473683,
        "support": 679
    },
    "strategy": "label-powerset",
    "weighted avg": {
        "f1-score": 0.675252253661731,
        "precision": 0.6958245873306662,
        "recall": 0.6656848306332842,
        "support": 679
    }
}