{
    "BW \u2013 Build local workspace": {
        "f1-score": 0.5017182130584193,
        "precision": 0.6576576576576577,
        "recall": 0.40555555555555556,
        "support": 180
    },
    "CF \u2013 Contribution flow": {
        "f1-score": 0.32397408207343414,
        "precision": 0.5208333333333334,
        "recall": 0.23510971786833856,
        "support": 319
    },
    "CT \u2013 Choose a task": {
        "f1-score": 0.23529411764705882,
        "precision": 0.5714285714285714,
        "recall": 0.14814814814814814,
        "support": 54
    },
    "DC \u2013 Deal with the code": {
        "f1-score": 0.6896551724137931,
        "precision": 0.7117437722419929,
        "recall": 0.6688963210702341,
        "support": 299
    },
    "SC \u2013 Submit the changes": {
        "f1-score": 0.7210804462712859,
        "precision": 0.6807095343680709,
        "recall": 0.766541822721598,
        "support": 801
    },
    "TC \u2013 Talk to the community": {
        "f1-score": 0.4925373134328358,
        "precision": 0.66,
        "recall": 0.39285714285714285,
        "support": 84
    },
    "classifier_name": "RandomForestClassifier",
    "macro avg": {
        "f1-score": 0.49404322414947116,
        "precision": 0.6337288115049377,
        "recall": 0.4361847847035029,
        "support": 1737
    },
    "micro avg": {
        "f1-score": 0.6193269527631985,
        "precision": 0.6677762982689747,
        "recall": 0.5774323546344272,
        "support": 1737
    },
    "samples avg": {
        "f1-score": 0.37794676806083644,
        "precision": 0.3796577946768061,
        "recall": 0.3773764258555133,
        "support": 1737
    },
    "strategy": "label-powerset",
    "weighted avg": {
        "f1-score": 0.5938562816512749,
        "precision": 0.6499027515820583,
        "recall": 0.5774323546344272,
        "support": 1737
    }
}