{
    "No categories identified.": {
        "precision": 0.6068376068376068,
        "recall": 0.4913494809688581,
        "f1-score": 0.5430210325047801,
        "support": 289
    },
    "CT \u2013 Choose a task": {
        "precision": 0.5384615384615384,
        "recall": 0.16666666666666666,
        "f1-score": 0.2545454545454545,
        "support": 84
    },
    "TC \u2013 Talk to the community": {
        "precision": 0.6837416481069042,
        "recall": 0.6152304609218436,
        "f1-score": 0.6476793248945147,
        "support": 499
    },
    "BW \u2013 Build local workspace": {
        "precision": 0.7043558850787767,
        "recall": 0.7962283918281823,
        "f1-score": 0.7474797147774773,
        "support": 1909
    },
    "DC \u2013 Deal with the code": {
        "precision": 0.73,
        "recall": 0.7093117408906883,
        "f1-score": 0.7195071868583162,
        "support": 1235
    },
    "SC \u2013 Submit the changes": {
        "precision": 0.6835443037974683,
        "recall": 0.4153846153846154,
        "f1-score": 0.5167464114832536,
        "support": 130
    },
    "accuracy": 0.7026049204052098,
    "macro avg": {
        "precision": 0.657823497047049,
        "recall": 0.5323618927768091,
        "f1-score": 0.5714965208439661,
        "support": 4146
    },
    "weighted avg": {
        "precision": 0.698702379189879,
        "recall": 0.7026049204052098,
        "f1-score": 0.6956618582901857,
        "support": 4146
    }
}