{
    "No categories identified.": {
        "precision": 0.6286919831223629,
        "recall": 0.5155709342560554,
        "f1-score": 0.5665399239543727,
        "support": 289
    },
    "CT \u2013 Choose a task": {
        "precision": 0.7272727272727273,
        "recall": 0.19047619047619047,
        "f1-score": 0.3018867924528302,
        "support": 84
    },
    "TC \u2013 Talk to the community": {
        "precision": 0.7617866004962779,
        "recall": 0.6152304609218436,
        "f1-score": 0.6807095343680708,
        "support": 499
    },
    "BW \u2013 Build local workspace": {
        "precision": 0.6973321067157314,
        "recall": 0.7941330539549503,
        "f1-score": 0.742591231937301,
        "support": 1909
    },
    "DC \u2013 Deal with the code": {
        "precision": 0.707037643207856,
        "recall": 0.6995951417004048,
        "f1-score": 0.7032967032967034,
        "support": 1235
    },
    "SC \u2013 Submit the changes": {
        "precision": 0.6704545454545454,
        "recall": 0.45384615384615384,
        "f1-score": 0.5412844036697247,
        "support": 130
    },
    "accuracy": 0.7021225277375784,
    "macro avg": {
        "precision": 0.6987626010449168,
        "recall": 0.5448086558592664,
        "f1-score": 0.5893847649465005,
        "support": 4146
    },
    "weighted avg": {
        "precision": 0.7029599560665796,
        "recall": 0.7021225277375784,
        "f1-score": 0.6959256268826144,
        "support": 4146
    }
}