{
    "BW \u2013 Build local workspace": {
        "f1-score": 0.15,
        "precision": 0.375,
        "recall": 0.09375,
        "support": 32
    },
    "CF \u2013 Contribution flow": {
        "f1-score": 0.09032258064516129,
        "precision": 0.4375,
        "recall": 0.050359712230215826,
        "support": 139
    },
    "CT \u2013 Choose a task": {
        "f1-score": 0.0,
        "precision": 0.0,
        "recall": 0.0,
        "support": 25
    },
    "DC \u2013 Deal with the code": {
        "f1-score": 0.24444444444444444,
        "precision": 0.7333333333333333,
        "recall": 0.14666666666666667,
        "support": 75
    },
    "SC \u2013 Submit the changes": {
        "f1-score": 0.6507713884992988,
        "precision": 0.7009063444108762,
        "recall": 0.6073298429319371,
        "support": 382
    },
    "TC \u2013 Talk to the community": {
        "f1-score": 0.11764705882352941,
        "precision": 0.25,
        "recall": 0.07692307692307693,
        "support": 26
    },
    "classifier_name": "KNeighborsClassifier",
    "macro avg": {
        "f1-score": 0.2088642454020723,
        "precision": 0.4161232796240349,
        "recall": 0.1625048831253161,
        "support": 679
    },
    "micro avg": {
        "f1-score": 0.48249763481551566,
        "precision": 0.6746031746031746,
        "recall": 0.3755522827687776,
        "support": 679
    },
    "samples avg": {
        "f1-score": 0.26842105263157895,
        "precision": 0.26842105263157895,
        "recall": 0.26842105263157895,
        "support": 679
    },
    "strategy": "classifier-chains",
    "weighted avg": {
        "f1-score": 0.4231836023257064,
        "precision": 0.5921336134977241,
        "recall": 0.3755522827687776,
        "support": 679
    }
}