{
    "BW \u2013 Build local workspace": {
        "f1-score": 0.6,
        "precision": 0.75,
        "recall": 0.5,
        "support": 180
    },
    "CF \u2013 Contribution flow": {
        "f1-score": 0.34541577825159914,
        "precision": 0.54,
        "recall": 0.25391849529780564,
        "support": 319
    },
    "CT \u2013 Choose a task": {
        "f1-score": 0.34285714285714286,
        "precision": 0.75,
        "recall": 0.2222222222222222,
        "support": 54
    },
    "DC \u2013 Deal with the code": {
        "f1-score": 0.7317939609236234,
        "precision": 0.7803030303030303,
        "recall": 0.6889632107023411,
        "support": 299
    },
    "SC \u2013 Submit the changes": {
        "f1-score": 0.7331412103746399,
        "precision": 0.6809421841541756,
        "recall": 0.7940074906367042,
        "support": 801
    },
    "TC \u2013 Talk to the community": {
        "f1-score": 0.5839416058394161,
        "precision": 0.7547169811320755,
        "recall": 0.47619047619047616,
        "support": 84
    },
    "classifier_name": "LinearSVC",
    "macro avg": {
        "f1-score": 0.5561916163744035,
        "precision": 0.7093270325982135,
        "recall": 0.48921698250825824,
        "support": 1737
    },
    "micro avg": {
        "f1-score": 0.6505803298717165,
        "precision": 0.6929082628497072,
        "recall": 0.613126079447323,
        "support": 1737
    },
    "samples avg": {
        "f1-score": 0.4016476552598226,
        "precision": 0.4032319391634981,
        "recall": 0.4013307984790874,
        "support": 1737
    },
    "strategy": "classifier-chains",
    "weighted avg": {
        "f1-score": 0.62855815641526,
        "precision": 0.6850325400018393,
        "recall": 0.613126079447323,
        "support": 1737
    }
}