{
    "BW \u2013 Build local workspace": {
        "f1-score": 0.4444444444444444,
        "precision": 0.45161290322580644,
        "recall": 0.4375,
        "support": 32
    },
    "CF \u2013 Contribution flow": {
        "f1-score": 0.37383177570093457,
        "precision": 0.5333333333333333,
        "recall": 0.28776978417266186,
        "support": 139
    },
    "CT \u2013 Choose a task": {
        "f1-score": 0.25806451612903225,
        "precision": 0.6666666666666666,
        "recall": 0.16,
        "support": 25
    },
    "DC \u2013 Deal with the code": {
        "f1-score": 0.6330935251798561,
        "precision": 0.6875,
        "recall": 0.5866666666666667,
        "support": 75
    },
    "SC \u2013 Submit the changes": {
        "f1-score": 0.7920298879202988,
        "precision": 0.7553444180522565,
        "recall": 0.8324607329842932,
        "support": 382
    },
    "TC \u2013 Talk to the community": {
        "f1-score": 0.5652173913043479,
        "precision": 0.65,
        "recall": 0.5,
        "support": 26
    },
    "classifier_name": "LinearSVC",
    "macro avg": {
        "f1-score": 0.5111135901131524,
        "precision": 0.6240762202130105,
        "recall": 0.4673995306372703,
        "support": 679
    },
    "micro avg": {
        "f1-score": 0.6682098765432098,
        "precision": 0.7017828200972447,
        "recall": 0.6377025036818851,
        "support": 679
    },
    "samples avg": {
        "f1-score": 0.4557894736842105,
        "precision": 0.4557894736842105,
        "recall": 0.4557894736842105,
        "support": 679
    },
    "strategy": "classifier-chains",
    "weighted avg": {
        "f1-score": 0.6441377550748665,
        "precision": 0.6807889257719997,
        "recall": 0.6377025036818851,
        "support": 679
    }
}