{
    "BW \u2013 Build local workspace": {
        "f1-score": 0.0,
        "precision": 0.0,
        "recall": 0.0,
        "support": 32
    },
    "CF \u2013 Contribution flow": {
        "f1-score": 0.08053691275167786,
        "precision": 0.6,
        "recall": 0.04316546762589928,
        "support": 139
    },
    "CT \u2013 Choose a task": {
        "f1-score": 0.0,
        "precision": 0.0,
        "recall": 0.0,
        "support": 25
    },
    "DC \u2013 Deal with the code": {
        "f1-score": 0.29473684210526313,
        "precision": 0.7,
        "recall": 0.18666666666666668,
        "support": 75
    },
    "SC \u2013 Submit the changes": {
        "f1-score": 0.7777777777777778,
        "precision": 0.686,
        "recall": 0.8979057591623036,
        "support": 382
    },
    "TC \u2013 Talk to the community": {
        "f1-score": 0.0,
        "precision": 0.0,
        "recall": 0.0,
        "support": 26
    },
    "classifier_name": "LogisticRegression",
    "macro avg": {
        "f1-score": 0.1921752554391198,
        "precision": 0.33099999999999996,
        "recall": 0.1879563155758116,
        "support": 679
    },
    "micro avg": {
        "f1-score": 0.5985160758450124,
        "precision": 0.6797752808988764,
        "recall": 0.5346097201767305,
        "support": 679
    },
    "samples avg": {
        "f1-score": 0.3821052631578947,
        "precision": 0.3821052631578947,
        "recall": 0.3821052631578947,
        "support": 679
    },
    "strategy": "classifier-chains",
    "weighted avg": {
        "f1-score": 0.48661414601102965,
        "precision": 0.5860854197349042,
        "recall": 0.5346097201767305,
        "support": 679
    }
}