{
    "BW \u2013 Build local workspace": {
        "f1-score": 0.5277777777777778,
        "precision": 0.475,
        "recall": 0.59375,
        "support": 32
    },
    "CF \u2013 Contribution flow": {
        "f1-score": 0.39999999999999997,
        "precision": 0.46226415094339623,
        "recall": 0.35251798561151076,
        "support": 139
    },
    "CT \u2013 Choose a task": {
        "f1-score": 0.25806451612903225,
        "precision": 0.6666666666666666,
        "recall": 0.16,
        "support": 25
    },
    "DC \u2013 Deal with the code": {
        "f1-score": 0.6666666666666667,
        "precision": 0.6805555555555556,
        "recall": 0.6533333333333333,
        "support": 75
    },
    "SC \u2013 Submit the changes": {
        "f1-score": 0.7994791666666667,
        "precision": 0.7953367875647669,
        "recall": 0.8036649214659686,
        "support": 382
    },
    "TC \u2013 Talk to the community": {
        "f1-score": 0.5333333333333333,
        "precision": 0.631578947368421,
        "recall": 0.46153846153846156,
        "support": 26
    },
    "classifier_name": "MLPClassifier",
    "macro avg": {
        "f1-score": 0.5308869100955795,
        "precision": 0.6185670180164676,
        "recall": 0.5041341169915458,
        "support": 679
    },
    "micro avg": {
        "f1-score": 0.672782874617737,
        "precision": 0.699523052464229,
        "recall": 0.6480117820324006,
        "support": 679
    },
    "samples avg": {
        "f1-score": 0.46280701754385967,
        "precision": 0.4631578947368421,
        "recall": 0.4626315789473684,
        "support": 679
    },
    "strategy": "classifier-chains",
    "weighted avg": {
        "f1-score": 0.6601004567385096,
        "precision": 0.6883693016138223,
        "recall": 0.6480117820324006,
        "support": 679
    }
}