{
    "BW \u2013 Build local workspace": {
        "f1-score": 0.0,
        "precision": 0.0,
        "recall": 0.0,
        "support": 180
    },
    "CF \u2013 Contribution flow": {
        "f1-score": 0.00625,
        "precision": 1.0,
        "recall": 0.003134796238244514,
        "support": 319
    },
    "CT \u2013 Choose a task": {
        "f1-score": 0.0,
        "precision": 0.0,
        "recall": 0.0,
        "support": 54
    },
    "DC \u2013 Deal with the code": {
        "f1-score": 0.11912225705329153,
        "precision": 0.95,
        "recall": 0.06354515050167224,
        "support": 299
    },
    "SC \u2013 Submit the changes": {
        "f1-score": 0.6529051987767585,
        "precision": 0.8422090729783037,
        "recall": 0.533083645443196,
        "support": 801
    },
    "TC \u2013 Talk to the community": {
        "f1-score": 0.0,
        "precision": 0.0,
        "recall": 0.0,
        "support": 84
    },
    "classifier_name": "MultinomialNB",
    "macro avg": {
        "f1-score": 0.12971290930500834,
        "precision": 0.46536817882971726,
        "recall": 0.09996059869718545,
        "support": 1737
    },
    "micro avg": {
        "f1-score": 0.39470198675496687,
        "precision": 0.8465909090909091,
        "recall": 0.25734024179620035,
        "support": 1737
    },
    "samples avg": {
        "f1-score": 0.16869455006337133,
        "precision": 0.16996197718631179,
        "recall": 0.16806083650190115,
        "support": 1737
    },
    "strategy": "classifier-chains",
    "weighted avg": {
        "f1-score": 0.32273366095516276,
        "precision": 0.7355552489669668,
        "recall": 0.25734024179620035,
        "support": 1737
    }
}