{
    "BW \u2013 Build local workspace": {
        "f1-score": 0.3017241379310345,
        "precision": 0.6730769230769231,
        "recall": 0.19444444444444445,
        "support": 180
    },
    "CF \u2013 Contribution flow": {
        "f1-score": 0.2884615384615385,
        "precision": 0.6185567010309279,
        "recall": 0.18808777429467086,
        "support": 319
    },
    "CT \u2013 Choose a task": {
        "f1-score": 0.24615384615384614,
        "precision": 0.7272727272727273,
        "recall": 0.14814814814814814,
        "support": 54
    },
    "DC \u2013 Deal with the code": {
        "f1-score": 0.6424242424242423,
        "precision": 0.8112244897959183,
        "recall": 0.5317725752508361,
        "support": 299
    },
    "SC \u2013 Submit the changes": {
        "f1-score": 0.7380660954712362,
        "precision": 0.723889555822329,
        "recall": 0.7528089887640449,
        "support": 801
    },
    "TC \u2013 Talk to the community": {
        "f1-score": 0.4426229508196722,
        "precision": 0.7105263157894737,
        "recall": 0.32142857142857145,
        "support": 84
    },
    "classifier_name": "RandomForestClassifier",
    "macro avg": {
        "f1-score": 0.4432421352102616,
        "precision": 0.7107577854647165,
        "recall": 0.35611508372178596,
        "support": 1737
    },
    "micro avg": {
        "f1-score": 0.601889338731444,
        "precision": 0.7269763651181744,
        "recall": 0.5135290731145653,
        "support": 1737
    },
    "samples avg": {
        "f1-score": 0.33574144486692015,
        "precision": 0.3370722433460076,
        "recall": 0.3355513307984791,
        "support": 1737
    },
    "strategy": "classifier-chains",
    "weighted avg": {
        "f1-score": 0.5642360403657375,
        "precision": 0.7137720369858493,
        "recall": 0.5135290731145653,
        "support": 1737
    }
}