{
    "BW \u2013 Build local workspace": {
        "f1-score": 0.548611111111111,
        "precision": 0.7314814814814815,
        "recall": 0.4388888888888889,
        "support": 180
    },
    "CF \u2013 Contribution flow": {
        "f1-score": 0.22739018087855298,
        "precision": 0.6470588235294118,
        "recall": 0.13793103448275862,
        "support": 319
    },
    "CT \u2013 Choose a task": {
        "f1-score": 0.25806451612903225,
        "precision": 1.0,
        "recall": 0.14814814814814814,
        "support": 54
    },
    "DC \u2013 Deal with the code": {
        "f1-score": 0.7235621521335807,
        "precision": 0.8125,
        "recall": 0.6521739130434783,
        "support": 299
    },
    "SC \u2013 Submit the changes": {
        "f1-score": 0.7361344537815125,
        "precision": 0.6676829268292683,
        "recall": 0.8202247191011236,
        "support": 801
    },
    "TC \u2013 Talk to the community": {
        "f1-score": 0.5384615384615384,
        "precision": 0.7608695652173914,
        "recall": 0.4166666666666667,
        "support": 84
    },
    "classifier_name": "SGDClassifier",
    "macro avg": {
        "f1-score": 0.5053706587492214,
        "precision": 0.7699321328429254,
        "recall": 0.4356722283885108,
        "support": 1737
    },
    "micro avg": {
        "f1-score": 0.6380445001566907,
        "precision": 0.7001375515818432,
        "recall": 0.5860679332181923,
        "support": 1737
    },
    "samples avg": {
        "f1-score": 0.3841571609632446,
        "precision": 0.38593155893536124,
        "recall": 0.3834600760456274,
        "support": 1737
    },
    "strategy": "classifier-chains",
    "weighted avg": {
        "f1-score": 0.5966853781053123,
        "precision": 0.7102723081410788,
        "recall": 0.5860679332181923,
        "support": 1737
    }
}